{"noiseKey":{"private":{"type":"Buffer","data":"UA+TaIlin38wK4m6t8pIgoOeCwUAR3qv95G6ZSzVV1g="},"public":{"type":"Buffer","data":"JoFhnGseARaxsxYFZm2x8/ItdfwHs92Rl19sWsVQkzU="}},"pairingEphemeralKeyPair":{"private":{"type":"Buffer","data":"4K/clAc3FtJ/eUSOrfQwDXdGhI5n/F2b5QU+ayOoiGo="},"public":{"type":"Buffer","data":"JbBh5Ldnq7OMV3nUv4yZbaaN5VNMHEUtObR69Scb5wo="}},"signedIdentityKey":{"private":{"type":"Buffer","data":"AG4gmuvFbULye5TQwzxLqNV8C3QFSn5lRvlDJAqteVM="},"public":{"type":"Buffer","data":"qbCzgg/40fDTuiXYyG0tMB52ZUdHqHb7OLE8AVOTu1U="}},"signedPreKey":{"keyPair":{"private":{"type":"Buffer","data":"UFT7pnvfc34yvnVj3nl/03+3GmWdefDTBJ9iWPjKQkk="},"public":{"type":"Buffer","data":"uTzh0WdmPJwfwDMP3320B5fcpZIaXb/vVIDK5CsuHGQ="}},"signature":{"type":"Buffer","data":"pjZmCa5Z2IZ+dJ3a+saMfD+q9HDE/p+kiFl0PLBuofJ1gV1HRhkgVuojtG2HO6yN7QbgWoMhrQiaE9CTK3A7jg=="},"keyId":1},"registrationId":0,"advSecretKey":"N56o26k1ociKSf8jPXTClzlHj7Cah67W1/vOGt/ErE4=","processedHistoryMessages":[],"nextPreKeyId":61,"firstUnuploadedPreKeyId":61,"accountSyncCounter":0,"accountSettings":{"unarchiveChats":false},"deviceId":"sgjneCUBSz2LZSUNl1zfiw","phoneId":"74ff73aa-77af-4631-a967-c2cfa188a85a","identityId":{"type":"Buffer","data":"74IfWyZXdNflYzv1u2r7cikHpbQ="},"registered":true,"backupToken":{"type":"Buffer","data":"1ovW7dDujdNUYk9tzsHnTKdxVLU="},"registration":{},"pairingCode":"DRAY1922","me":{"id":"254715893676:26@s.whatsapp.net","name":"joxee...","lid":"251634147946498:26@lid"},"account":{"details":"CNLAnJkDEMe4rMQGGA0gACgA","accountSignatureKey":"kgnmcMDxJcl38d5YO6uZvWt5W5NMXX1MEOsNJ60irHU=","accountSignature":"5ZKuyZYNQl/+1PbNSGsI9Vbu5vaN8MigJitHr+8Iqj6Mah8sR8qucbCS5RktF7EeM4eXA3rm53XgAbHBHEBkCw==","deviceSignature":"iudOQo6fPIXBLbaWk7I7FSrV672TfKeeAt1ooj7YorY5PZG+cb0fs+34ptvKtskDIJl0KGI010c9aQ/afLxKjQ=="},"signalIdentities":[{"identifier":{"name":"254715893676:26@s.whatsapp.net","deviceId":0},"identifierKey":{"type":"Buffer","data":"BZIJ5nDA8SXJd/HeWDurmb1reVuTTF19TBDrDSetIqx1"}}],"platform":"smba","routingInfo":{"type":"Buffer","data":"CA0IAg=="},"lastAccountSyncTimestamp":1753947212,"myAppStateKeyId":"AAAAAJsz"}